api_path,filename
sampleType,Sample_Type_export.xlsx
analysisType,AnalysisType_export.xlsx
analysisStatus,AnalysisStatus_export.xlsx
result_type,ResultType_export.xlsx
relativeType,RelativeType.xlsx
statusType,Status_Type.xlsx
eventType,Event_Type_export.xlsx
grade,Grade_export.xlsx
protocol,Protocol_template.xlsx
organization,Organization_export.xlsx
anastomosis-technique-definition,AnastomosisTechniqueDefinition_export.xlsx
biopsyType,BiopsyType_export.xlsx
blood-sample-process-definition,BloodSampleProcessDefinition_export.xlsx
blood-sample-tube-type-definition,bloodSampleTubeTypeDefinition_export.xlsx
chronicCondition,ChronicCondition_export.xlsx
clinicalDiagnosis,ClinicalDiagnostic_export.xlsx
consultationType,ConsultationType_export.xlsx
corporal-location,Corporal Location_export.xlsx
cytologyType,Cytology_Type_export.xlsx
diagnosticType,DiagnosticType_export.xlsx
histologicalTumorSubTypeDefinition,HistologicalTumorSubTypeDefinition_export.xlsx
histologicalTumorTypeDefinition,HistologicalTumorTypeDefinition_export.xlsx
intervention,Interventions_export.xlsx
labTestDefinition,LabTestDefinition_export.xlsx
location-type,LocationType_export.xlsx
organ-system,OrganSystem_export.xlsx
other-historical-finding-definition,OtherHistoricalFindingDefinition_export.xlsx
other-radiological-finding,OtherRadiologicalFindings_export.xlsx
postoperativeComplicationDefinition,PostOperativeComplication_export.xlsx
probeType,ProbeType_export.xlsx
resectionMarginDefinition,ResectionMarginDefinition_export.xlsx
margin,Margin_export.xlsx
severity-type,Severity_Type_export.xlsx
systemicTherapyDefinition,SystemicTherapyDefinition_export.xlsx
riskFactor,RiskFactors.xlsx
therapy,Therapy.xlsx
symptoms,Symptoms_export.xlsx
signs,Signs_export.xlsx
associated-treatment,AssociatedTreatment_export.xlsx
clinicalVariableDefinition,ClinicalVariable_export.xlsx
cytologicalDiagnosis,cytological_diagnosis_export.xlsx
morphological-ancillary-test-definition,MorphologicalAncillaryTestDefinition_export.xlsx
radiologicalVariableDefinition,Radiological_Variable_export.xlsx
adverse-reaction-definition,Adverse_Reaction.xlsx
main-grade-of-differentiation,MainGradeDifferentiation.xlsx
heart-examination,Heart_Examination_export.xlsx
lung-examination,Lung_Examination_export.xlsx
abdominal-examination,Abdominal_Examination_export.xlsx
tumorRegressionSystem,TumorRegressionSystem_export.xlsx
technique,Technique_TestName_TestResult_TestUnit_export.xlsx
organ-list,OrganList_Resection_Type_export.xlsx
primary-parameter,PrimaryParameter_data_export_all.xlsx
extractionMethod,extraction_method.xlsx
result_name,ResultName_export.xlsx
